{
  "name": "eslint",
  "version": "5.8.0",
  "patterns": [
    {
      "patternId": "comma-dangle",
      "level": "Warning",
      "category": "CodeStyle",
      "parameters": [
        {
          "name": "unnamedParam",
          "default": "never"
        }
      ]
    },
    {
      "patternId": "no-cond-assign",
      "level": "Warning",
      "category": "CodeStyle",
      "parameters": [
        {
          "name": "unnamedParam",
          "default": "except-parens"
        }
      ]
    },
    {
      "patternId": "no-console",
      "level": "Info",
      "category": "CodeStyle"
    },
    {
      "patternId": "no-constant-condition",
      "level": "Warning",
      "category": "ErrorProne"
    },
    {
      "patternId": "no-control-regex",
      "level": "Warning",
      "category": "ErrorProne"
    },
    {
      "patternId": "no-debugger",
      "level": "Info",
      "category": "CodeStyle"
    },
    {
      "patternId": "no-dupe-args",
      "level": "Error",
      "category": "ErrorProne"
    },
    {
      "patternId": "no-dupe-keys",
      "level": "Error",
      "category": "ErrorProne"
    },
    {
      "patternId": "no-duplicate-case",
      "level": "Error",
      "category": "ErrorProne"
    },
    {
      "patternId": "no-empty-character-class",
      "level": "Error",
      "category": "ErrorProne"
    },
    {
      "patternId": "no-empty",
      "level": "Info",
      "category": "UnusedCode"
    },
    {
      "patternId": "no-ex-assign",
      "level": "Warning",
      "category": "ErrorProne"
    },
    {
      "patternId": "no-extra-boolean-cast",
      "level": "Warning",
      "category": "UnusedCode"
    },
    {
      "patternId": "no-extra-parens",
      "level": "Info",
      "category": "UnusedCode",
      "parameters": [
        {
          "name": "unnamedParam",
          "default": "all"
        }
      ]
    },
    {
      "patternId": "no-extra-semi",
      "level": "Info",
      "category": "UnusedCode"
    },
    {
      "patternId": "no-func-assign",
      "level": "Warning",
      "category": "ErrorProne"
    },
    {
      "patternId": "no-inner-declarations",
      "level": "Warning",
      "category": "CodeStyle",
      "parameters": [
        {
          "name": "unnamedParam",
          "default": "functions"
        }
      ]
    },
    {
      "patternId": "no-invalid-regexp",
      "level": "Error",
      "category": "ErrorProne"
    },
    {
      "patternId": "no-irregular-whitespace",
      "level": "Info",
      "category": "CodeStyle"
    },
    {
      "patternId": "no-negated-in-lhs",
      "level": "Warning",
      "category": "ErrorProne"
    },
    {
      "patternId": "no-obj-calls",
      "level": "Error",
      "category": "ErrorProne"
    },
    {
      "patternId": "no-regex-spaces",
      "level": "Warning",
      "category": "ErrorProne"
    },
    {
      "patternId": "no-sparse-arrays",
      "level": "Warning",
      "category": "ErrorProne"
    },
    {
      "patternId": "no-unreachable",
      "level": "Warning",
      "category": "UnusedCode"
    },
    {
      "patternId": "use-isnan",
      "level": "Error",
      "category": "ErrorProne"
    },
    {
      "patternId": "valid-jsdoc",
      "level": "Info",
      "category": "CodeStyle"
    },
    {
      "patternId": "valid-typeof",
      "level": "Error",
      "category": "ErrorProne"
    },
    {
      "patternId": "no-unexpected-multiline",
      "level": "Error",
      "category": "ErrorProne"
    },
    {
      "patternId": "accessor-pairs",
      "level": "Error",
      "category": "ErrorProne"
    },
    {
      "patternId": "block-scoped-var",
      "level": "Warning",
      "category": "ErrorProne"
    },
    {
      "patternId": "complexity",
      "level": "Warning",
      "category": "ErrorProne",
      "parameters": [
        {
          "name": "unnamedParam",
          "default": 4
        }
      ]
    },
    {
      "patternId": "consistent-return",
      "level": "Error",
      "category": "ErrorProne"
    },
    {
      "patternId": "curly",
      "level": "Info",
      "category": "CodeStyle",
      "parameters": [
        {
          "name": "unnamedParam",
          "default": "all"
        }
      ]
    },
    {
      "patternId": "default-case",
      "level": "Error",
      "category": "ErrorProne"
    },
    {
      "patternId": "dot-notation",
      "level": "Warning",
      "category": "CodeStyle"
    },
    {
      "patternId": "dot-location",
      "level": "Warning",
      "category": "CodeStyle",
      "parameters": [
        {
          "name": "unnamedParam",
          "default": "property"
        }
      ]
    },
    {
      "patternId": "eqeqeq",
      "level": "Warning",
      "category": "ErrorProne",
      "parameters": [
        {
          "name": "unnamedParam",
          "default": "smart"
        }
      ]
    },
    {
      "patternId": "guard-for-in",
      "level": "Warning",
      "category": "ErrorProne"
    },
    {
      "patternId": "no-alert",
      "level": "Info",
      "category": "CodeStyle"
    },
    {
      "patternId": "no-caller",
      "level": "Error",
      "category": "ErrorProne"
    },
    {
      "patternId": "no-div-regex",
      "level": "Warning",
      "category": "ErrorProne"
    },
    {
      "patternId": "no-else-return",
      "level": "Info",
      "category": "CodeStyle"
    },
    {
      "patternId": "no-eq-null",
      "level": "Warning",
      "category": "ErrorProne"
    },
    {
      "patternId": "no-eval",
      "level": "Warning",
      "category": "Security"
    },
    {
      "patternId": "no-extend-native",
      "level": "Warning",
      "category": "ErrorProne"
    },
    {
      "patternId": "no-extra-bind",
      "level": "Info",
      "category": "UnusedCode"
    },
    {
      "patternId": "no-fallthrough",
      "level": "Warning",
      "category": "ErrorProne"
    },
    {
      "patternId": "no-floating-decimal",
      "level": "Warning",
      "category": "ErrorProne"
    },
    {
      "patternId": "no-implicit-coercion",
      "level": "Info",
      "category": "CodeStyle"
    },
    {
      "patternId": "no-implied-eval",
      "level": "Warning",
      "category": "CodeStyle"
    },
    {
      "patternId": "no-invalid-this",
      "level": "Error",
      "category": "ErrorProne"
    },
    {
      "patternId": "no-iterator",
      "level": "Warning",
      "category": "Compatibility"
    },
    {
      "patternId": "no-labels",
      "level": "Warning",
      "category": "ErrorProne"
    },
    {
      "patternId": "no-lone-blocks",
      "level": "Info",
      "category": "UnusedCode"
    },
    {
      "patternId": "no-loop-func",
      "level": "Error",
      "category": "ErrorProne"
    },
    {
      "patternId": "no-multi-spaces",
      "level": "Info",
      "category": "CodeStyle"
    },
    {
      "patternId": "no-multi-str",
      "level": "Warning",
      "category": "Compatibility"
    },
    {
      "patternId": "no-native-reassign",
      "level": "Warning",
      "category": "ErrorProne"
    },
    {
      "patternId": "no-new-func",
      "level": "Warning",
      "category": "CodeStyle"
    },
    {
      "patternId": "no-new-wrappers",
      "level": "Warning",
      "category": "ErrorProne"
    },
    {
      "patternId": "no-new",
      "level": "Warning",
      "category": "ErrorProne"
    },
    {
      "patternId": "no-octal-escape",
      "level": "Warning",
      "category": "ErrorProne"
    },
    {
      "patternId": "no-octal",
      "level": "Warning",
      "category": "ErrorProne"
    },
    {
      "patternId": "no-param-reassign",
      "level": "Warning",
      "category": "ErrorProne",
      "parameters": [
        {
          "name": "props",
          "default": false
        }
      ]
    },
    {
      "patternId": "no-process-env",
      "level": "Warning",
      "category": "Compatibility"
    },
    {
      "patternId": "no-proto",
      "level": "Warning",
      "category": "Compatibility"
    },
    {
      "patternId": "no-redeclare",
      "level": "Warning",
      "category": "ErrorProne",
      "parameters": [
        {
          "name": "builtinGlobals",
          "default": false
        }
      ]
    },
    {
      "patternId": "no-return-assign",
      "level": "Warning",
      "category": "ErrorProne",
      "parameters": [
        {
          "name": "unnamedParam",
          "default": "always"
        }
      ]
    },
    {
      "patternId": "no-script-url",
      "level": "Warning",
      "category": "Security"
    },
    {
      "patternId": "no-self-compare",
      "level": "Warning",
      "category": "UnusedCode"
    },
    {
      "patternId": "no-sequences",
      "level": "Error",
      "category": "ErrorProne"
    },
    {
      "patternId": "no-throw-literal",
      "level": "Warning",
      "category": "ErrorProne"
    },
    {
      "patternId": "no-unused-expressions",
      "level": "Info",
      "category": "UnusedCode",
      "parameters": [
        {
          "name": "allowShortCircuit",
          "default": false
        },
        {
          "name": "allowTernary",
          "default": false
        }
      ]
    },
    {
      "patternId": "no-useless-call",
      "level": "Info",
      "category": "UnusedCode"
    },
    {
      "patternId": "no-useless-concat",
      "level": "Info",
      "category": "CodeStyle"
    },
    {
      "patternId": "no-void",
      "level": "Info",
      "category": "CodeStyle"
    },
    {
      "patternId": "no-warning-comments",
      "level": "Info",
      "category": "CodeStyle"
    },
    {
      "patternId": "no-with",
      "level": "Info",
      "category": "CodeStyle"
    },
    {
      "patternId": "radix",
      "level": "Warning",
      "category": "ErrorProne"
    },
    {
      "patternId": "vars-on-top",
      "level": "Info",
      "category": "CodeStyle"
    },
    {
      "patternId": "wrap-iife",
      "level": "Info",
      "category": "CodeStyle",
      "parameters": [
        {
          "name": "unnamedParam",
          "default": "outside"
        }
      ]
    },
    {
      "patternId": "yoda",
      "level": "Warning",
      "category": "CodeStyle",
      "parameters": [
        {
          "name": "unnamedParam",
          "default": "never"
        }
      ]
    },
    {
      "patternId": "strict",
      "level": "Info",
      "category": "CodeStyle",
      "parameters": [
        {
          "name": "unnamedParam",
          "default": "function"
        }
      ]
    },
    {
      "patternId": "init-declarations",
      "level": "Info",
      "category": "CodeStyle",
      "parameters": [
        {
          "name": "unnamedParam",
          "default": "always"
        }
      ]
    },
    {
      "patternId": "no-delete-var",
      "level": "Warning",
      "category": "CodeStyle"
    },
    {
      "patternId": "no-label-var",
      "level": "Warning",
      "category": "CodeStyle"
    },
    {
      "patternId": "no-shadow-restricted-names",
      "level": "Warning",
      "category": "ErrorProne"
    },
    {
      "patternId": "no-shadow",
      "level": "Warning",
      "category": "CodeStyle"
    },
    {
      "patternId": "no-undef-init",
      "level": "Warning",
      "category": "CodeStyle"
    },
    {
      "patternId": "no-undef",
      "level": "Warning",
      "category": "CodeStyle"
    },
    {
      "patternId": "no-undefined",
      "level": "Warning",
      "category": "CodeStyle"
    },
    {
      "patternId": "no-unused-vars",
      "level": "Warning",
      "category": "ErrorProne",
      "parameters": [
        {
          "name": "vars",
          "default": "all"
        },
        {
          "name": "args",
          "default": "after-used"
        }
      ]
    },
    {
      "patternId": "no-use-before-define",
      "level": "Error",
      "category": "ErrorProne"
    },
    {
      "patternId": "callback-return",
      "level": "Warning",
      "category": "ErrorProne"
    },
    {
      "patternId": "global-require",
      "level": "Warning",
      "category": "CodeStyle"
    },
    {
      "patternId": "handle-callback-err",
      "level": "Warning",
      "category": "ErrorProne"
    },
    {
      "patternId": "no-mixed-requires",
      "level": "Warning",
      "category": "CodeStyle"
    },
    {
      "patternId": "no-new-require",
      "level": "Warning",
      "category": "CodeStyle"
    },
    {
      "patternId": "no-path-concat",
      "level": "Warning",
      "category": "ErrorProne"
    },
    {
      "patternId": "no-process-exit",
      "level": "Warning",
      "category": "ErrorProne"
    },
    {
      "patternId": "no-restricted-modules",
      "level": "Warning",
      "category": "CodeStyle",
      "parameters": [
        {
          "name": "unnamedParamList",
          "default": [
            "fs",
            "os"
          ]
        }
      ]
    },
    {
      "patternId": "no-sync",
      "level": "Warning",
      "category": "ErrorProne"
    },
    {
      "patternId": "array-bracket-spacing",
      "level": "Info",
      "category": "CodeStyle",
      "parameters": [
        {
          "name": "unnamedParam",
          "default": "never"
        }
      ]
    },
    {
      "patternId": "block-spacing",
      "level": "Warning",
      "category": "CodeStyle",
      "description": "Enforces spaces before arrow parenses",
      "parameters": [
        {
          "name": "unnamedParam",
          "default": "always"
        }
      ]
    },
    {
      "patternId": "brace-style",
      "level": "Info",
      "category": "CodeStyle"
    },
    {
      "patternId": "camelcase",
      "level": "Info",
      "category": "CodeStyle",
      "parameters": [
        {
          "name": "properties",
          "default": "always"
        }
      ]
    },
    {
      "patternId": "comma-spacing",
      "level": "Info",
      "category": "CodeStyle"
    },
    {
      "patternId": "comma-style",
      "level": "Info",
      "category": "CodeStyle",
      "parameters": [
        {
          "name": "unnamedParam",
          "default": "last"
        }
      ]
    },
    {
      "patternId": "computed-property-spacing",
      "level": "Warning",
      "category": "ErrorProne",
      "parameters": [
        {
          "name": "unnamedParam",
          "default": "never"
        }
      ]
    },
    {
      "patternId": "consistent-this",
      "level": "Warning",
      "category": "CodeStyle",
      "parameters": [
        {
          "name": "unnamedParam",
          "default": "self"
        }
      ]
    },
    {
      "patternId": "eol-last",
      "level": "Info",
      "category": "CodeStyle"
    },
    {
      "patternId": "func-names",
      "level": "Info",
      "category": "CodeStyle"
    },
    {
      "patternId": "func-style",
      "level": "Info",
      "category": "CodeStyle"
    },
    {
      "patternId": "id-length",
      "level": "Info",
      "category": "CodeStyle",
      "parameters": [
        {
          "name": "min",
          "default": 3
        },
        {
          "name": "max",
          "default": 20
        },
        {
          "name": "properties",
          "default": "always"
        },
        {
          "name": "exceptions",
          "default": []
        }
      ]
    },
    {
      "patternId": "id-match",
      "level": "Warning",
      "category": "CodeStyle",
      "parameters": [
        {
          "name": "unnamedParam",
          "default": "^[a-z]+([A-Z][a-z]+)*$"
        },
        {
          "name": "properties",
          "default": false
        }
      ]
    },
    {
      "patternId": "indent",
      "level": "Info",
      "category": "CodeStyle",
      "parameters": [
        {
          "name": "unnamedParam",
          "default": 2
        }
      ]
    },
    {
      "patternId": "jsx-quotes",
      "level": "Warning",
      "category": "CodeStyle",
      "parameters": [
        {
          "name": "unnamedParam",
          "default": "prefer-double"
        }
      ]
    },
    {
      "patternId": "key-spacing",
      "level": "Info",
      "category": "CodeStyle"
    },
    {
      "patternId": "lines-around-comment",
      "level": "Info",
      "category": "CodeStyle"
    },
    {
      "patternId": "linebreak-style",
      "level": "Info",
      "category": "CodeStyle"
    },
    {
      "patternId": "max-nested-callbacks",
      "level": "Warning",
      "category": "CodeStyle",
      "parameters": [
        {
          "name": "unnamedParam",
          "default": 5
        }
      ]
    },
    {
      "patternId": "new-cap",
      "level": "Warning",
      "category": "CodeStyle"
    },
    {
      "patternId": "new-parens",
      "level": "Info",
      "category": "CodeStyle"
    },
    {
      "patternId": "newline-after-var",
      "level": "Info",
      "category": "CodeStyle",
      "parameters": [
        {
          "name": "unnamedParam",
          "default": "always"
        }
      ]
    },
    {
      "patternId": "no-array-constructor",
      "level": "Info",
      "category": "CodeStyle"
    },
    {
      "patternId": "no-continue",
      "level": "Info",
      "category": "CodeStyle"
    },
    {
      "patternId": "no-inline-comments",
      "level": "Info",
      "category": "CodeStyle"
    },
    {
      "patternId": "no-lonely-if",
      "level": "Info",
      "category": "CodeStyle"
    },
    {
      "patternId": "no-mixed-spaces-and-tabs",
      "level": "Info",
      "category": "CodeStyle"
    },
    {
      "patternId": "no-multiple-empty-lines",
      "level": "Info",
      "category": "CodeStyle",
      "parameters": [
        {
          "name": "max",
          "default": 2
        },
        {
          "name": "maxEOF",
          "default": 1
        }
      ]
    },
    {
      "patternId": "no-nested-ternary",
      "level": "Info",
      "category": "CodeStyle"
    },
    {
      "patternId": "no-negated-condition",
      "level": "Info",
      "category": "CodeStyle"
    },
    {
      "patternId": "no-new-object",
      "level": "Info",
      "category": "CodeStyle"
    },
    {
      "patternId": "no-restricted-syntax",
      "level": "Info",
      "category": "CodeStyle",
      "parameters": [
        {
          "name": "unnamedParamList",
          "default": [
            "FunctionExpression",
            "WithStatement"
          ]
        }
      ]
    },
    {
      "patternId": "no-spaced-func",
      "level": "Info",
      "category": "CodeStyle"
    },
    {
      "patternId": "no-ternary",
      "level": "Info",
      "category": "CodeStyle"
    },
    {
      "patternId": "no-trailing-spaces",
      "level": "Info",
      "category": "CodeStyle"
    },
    {
      "patternId": "no-underscore-dangle",
      "level": "Info",
      "category": "CodeStyle"
    },
    {
      "patternId": "no-unneeded-ternary",
      "level": "Info",
      "category": "CodeStyle"
    },
    {
      "patternId": "object-curly-spacing",
      "level": "Info",
      "category": "CodeStyle",
      "parameters": [
        {
          "name": "unnamedParam",
          "default": "never"
        }
      ]
    },
    {
      "patternId": "one-var",
      "level": "Info",
      "category": "CodeStyle",
      "parameters": [
        {
          "name": "unnamedParam",
          "default": "always"
        }
      ]
    },
    {
      "patternId": "operator-assignment",
      "level": "Info",
      "category": "CodeStyle"
    },
    {
      "patternId": "operator-linebreak",
      "level": "Info",
      "category": "CodeStyle",
      "parameters": [
        {
          "name": "unnamedParam",
          "default": "after"
        }
      ]
    },
    {
      "patternId": "padded-blocks",
      "level": "Info",
      "category": "CodeStyle"
    },
    {
      "patternId": "quote-props",
      "level": "Info",
      "category": "CodeStyle"
    },
    {
      "patternId": "quotes",
      "level": "Info",
      "category": "CodeStyle",
      "parameters": [
        {
          "name": "unnamedParam",
          "default": "double"
        }
      ]
    },
    {
      "patternId": "require-atomic-updates",
      "level": "Error",
      "category": "ErrorProne"
    },
    {
      "patternId": "require-jsdoc",
      "level": "Info",
      "category": "CodeStyle"
    },
    {
      "patternId": "require-unicode-regexp",
      "level": "Warning",
      "category": "ErrorProne"
    },
    {
      "patternId": "semi-spacing",
      "level": "Info",
      "category": "CodeStyle"
    },
    {
      "patternId": "semi",
      "level": "Info",
      "category": "CodeStyle",
      "parameters": [
        {
          "name": "unnamedParam",
          "default": "always"
        }
      ]
    },
    {
      "patternId": "sort-vars",
      "level": "Info",
      "category": "CodeStyle"
    },
    {
      "patternId": "space-before-blocks",
      "level": "Info",
      "category": "CodeStyle",
      "parameters": [
        {
          "name": "unnamedParam",
          "default": "always"
        }
      ]
    },
    {
      "patternId": "space-before-function-paren",
      "level": "Info",
      "category": "CodeStyle",
      "parameters": [
        {
          "name": "unnamedParam",
          "default": "always"
        }
      ]
    },
    {
      "patternId": "space-in-parens",
      "level": "Info",
      "category": "CodeStyle",
      "parameters": [
        {
          "name": "unnamedParam",
          "default": "never"
        }
      ]
    },
    {
      "patternId": "space-infix-ops",
      "level": "Info",
      "category": "CodeStyle"
    },
    {
      "patternId": "space-unary-ops",
      "level": "Info",
      "category": "CodeStyle",
      "parameters": [
        {
          "name": "words",
          "default": true
        },
        {
          "name": "nonwords",
          "default": false
        }
      ]
    },
    {
      "patternId": "spaced-comment",
      "level": "Info",
      "category": "CodeStyle",
      "parameters": [
        {
          "name": "unnamedParam",
          "default": "always"
        }
      ]
    },
    {
      "patternId": "wrap-regex",
      "level": "Info",
      "category": "CodeStyle"
    },
    {
      "patternId": "arrow-parens",
      "level": "Info",
      "category": "CodeStyle",
      "parameters": [
        {
          "name": "unnamedParam",
          "default": "always"
        }
      ]
    },
    {
      "patternId": "arrow-spacing",
      "level": "Info",
      "category": "CodeStyle"
    },
    {
      "patternId": "constructor-super",
      "level": "Warning",
      "category": "CodeStyle"
    },
    {
      "patternId": "generator-star-spacing",
      "level": "Info",
      "category": "CodeStyle",
      "parameters": [
        {
          "name": "before",
          "default": true
        },
        {
          "name": "after",
          "default": false
        }
      ]
    },
    {
      "patternId": "no-class-assign",
      "level": "Warning",
      "category": "ErrorProne"
    },
    {
      "patternId": "no-const-assign",
      "level": "Error",
      "category": "ErrorProne"
    },
    {
      "patternId": "no-dupe-class-members",
      "level": "Warning",
      "category": "CodeStyle"
    },
    {
      "patternId": "no-this-before-super",
      "level": "Error",
      "category": "ErrorProne"
    },
    {
      "patternId": "no-var",
      "level": "Info",
      "category": "CodeStyle"
    },
    {
      "patternId": "object-shorthand",
      "level": "Info",
      "category": "CodeStyle"
    },
    {
      "patternId": "prefer-arrow-callback",
      "level": "Info",
      "category": "CodeStyle"
    },
    {
      "patternId": "prefer-const",
      "level": "Info",
      "category": "CodeStyle"
    },
    {
      "patternId": "prefer-object-spread",
      "level": "Info",
      "category": "CodeStyle"
    },
    {
      "patternId": "prefer-spread",
      "level": "Info",
      "category": "CodeStyle"
    },
    {
      "patternId": "prefer-reflect",
      "level": "Info",
      "category": "CodeStyle"
    },
    {
      "patternId": "prefer-template",
      "level": "Info",
      "category": "CodeStyle"
    },
    {
      "patternId": "require-yield",
      "level": "Warning",
      "category": "CodeStyle"
    },
    {
      "patternId": "no-prototype-builtins",
      "level": "Warning",
      "category": "ErrorProne"
    },
    {
      "patternId": "no-unsafe-finally",
      "level": "Warning",
      "category": "ErrorProne"
    },
    {
      "patternId": "array-callback-return",
      "level": "Warning",
      "category": "ErrorProne"
    },
    {
      "patternId": "no-case-declarations",
      "level": "Warning",
      "category": "CodeStyle"
    },
    {
      "patternId": "no-empty-function",
      "level": "Warning",
      "category": "CodeStyle"
    },
    {
      "patternId": "no-empty-pattern",
      "level": "Warning",
      "category": "CodeStyle"
    },
    {
      "patternId": "no-extra-label",
      "level": "Warning",
      "category": "CodeStyle"
    },
    {
      "patternId": "no-implicit-globals",
      "level": "Warning",
      "category": "CodeStyle"
    },
    {
      "patternId": "no-magic-numbers",
      "level": "Warning",
      "category": "CodeStyle"
    },
    {
      "patternId": "no-self-assign",
      "level": "Warning",
      "category": "CodeStyle"
    },
    {
      "patternId": "no-unmodified-loop-condition",
      "level": "Warning",
      "category": "CodeStyle"
    },
    {
      "patternId": "no-unused-labels",
      "level": "Warning",
      "category": "CodeStyle"
    },
    {
      "patternId": "no-useless-escape",
      "level": "Warning",
      "category": "ErrorProne"
    },
    {
      "patternId": "no-restricted-globals",
      "level": "Warning",
      "category": "CodeStyle"
    },
    {
      "patternId": "id-blacklist",
      "level": "Warning",
      "category": "CodeStyle"
    },
    {
      "patternId": "keyword-spacing",
      "level": "Warning",
      "category": "CodeStyle"
    },
    {
      "patternId": "max-classes-per-file",
      "level": "Warning",
      "category": "CodeStyle",
      "parameters": [
        {
          "name": "unnamedParam",
          "default": 0
        }
      ]
    },
    {
      "patternId": "max-depth",
      "level": "Warning",
      "category": "CodeStyle"
    },
    {
      "patternId": "max-len",
      "level": "Warning",
      "category": "CodeStyle"
    },
    {
      "patternId": "max-lines",
      "level": "Warning",
      "category": "CodeStyle"
    },
    {
      "patternId": "max-lines-per-function",
      "level": "Warning",
      "category": "CodeStyle",
      "parameters": [
        {
          "name": "max",
          "default": 50
        },
        {
          "name": "skipBlankLines",
          "default": false
        },
        {
          "name": "skipComments",
          "default": false
        },
        {
          "name": "IIFEs",
          "default": false
        }
      ]
    },
    {
      "patternId": "max-params",
      "level": "Warning",
      "category": "CodeStyle"
    },
    {
      "patternId": "max-statements",
      "level": "Warning",
      "category": "CodeStyle"
    },
    {
      "patternId": "max-statements-per-line",
      "level": "Warning",
      "category": "CodeStyle"
    },
    {
      "patternId": "newline-before-return",
      "level": "Warning",
      "category": "CodeStyle"
    },
    {
      "patternId": "newline-per-chained-call",
      "level": "Warning",
      "category": "CodeStyle"
    },
    {
      "patternId": "no-bitwise",
      "level": "Warning",
      "category": "ErrorProne"
    },
    {
      "patternId": "no-misleading-character-class",
      "level": "Warning",
      "category": "ErrorProne"
    },
    {
      "patternId": "no-mixed-operators",
      "level": "Warning",
      "category": "CodeStyle"
    },
    {
      "patternId": "no-plusplus",
      "level": "Warning",
      "category": "CodeStyle"
    },
    {
      "patternId": "no-whitespace-before-property",
      "level": "Warning",
      "category": "CodeStyle"
    },
    {
      "patternId": "object-curly-newline",
      "level": "Warning",
      "category": "CodeStyle"
    },
    {
      "patternId": "object-property-newline",
      "level": "Warning",
      "category": "CodeStyle"
    },
    {
      "patternId": "one-var-declaration-per-line",
      "level": "Warning",
      "category": "CodeStyle"
    },
    {
      "patternId": "unicode-bom",
      "level": "Warning",
      "category": "CodeStyle"
    },
    {
      "patternId": "arrow-body-style",
      "level": "Warning",
      "category": "CodeStyle"
    },
    {
      "patternId": "no-confusing-arrow",
      "level": "Warning",
      "category": "CodeStyle"
    },
    {
      "patternId": "no-duplicate-imports",
      "level": "Warning",
      "category": "CodeStyle"
    },
    {
      "patternId": "no-new-symbol",
      "level": "Warning",
      "category": "CodeStyle"
    },
    {
      "patternId": "no-restricted-imports",
      "level": "Warning",
      "category": "CodeStyle"
    },
    {
      "patternId": "no-useless-computed-key",
      "level": "Warning",
      "category": "CodeStyle"
    },
    {
      "patternId": "no-useless-constructor",
      "level": "Warning",
      "category": "CodeStyle"
    },
    {
      "patternId": "no-useless-rename",
      "level": "Warning",
      "category": "CodeStyle"
    },
    {
      "patternId": "prefer-rest-params",
      "level": "Warning",
      "category": "CodeStyle"
    },
    {
      "patternId": "rest-spread-spacing",
      "level": "Warning",
      "category": "CodeStyle"
    },
    {
      "patternId": "sort-imports",
      "level": "Warning",
      "category": "CodeStyle"
    },
    {
      "patternId": "template-curly-spacing",
      "level": "Warning",
      "category": "CodeStyle"
    },
    {
      "patternId": "yield-star-spacing",
      "level": "Warning",
      "category": "CodeStyle"
    },
    {
      "patternId": "generator-star",
      "level": "Info",
      "category": "CodeStyle"
    },
    {
      "patternId": "global-strict",
      "level": "Info",
      "category": "CodeStyle"
    },
    {
      "patternId": "multiline-ternary",
      "level": "Info",
      "category": "CodeStyle"
    },
    {
      "patternId": "no-arrow-condition",
      "level": "Info",
      "category": "CodeStyle"
    },
    {
      "patternId": "no-async-promise-executor",
      "level": "Error",
      "category": "ErrorProne"
    },
    {
      "patternId": "no-comma-dangle",
      "level": "Info",
      "category": "CodeStyle"
    },
    {
      "patternId": "no-empty-class",
      "level": "Info",
      "category": "CodeStyle"
    },
    {
      "patternId": "no-empty-label",
      "level": "Info",
      "category": "CodeStyle"
    },
    {
      "patternId": "no-extra-strict",
      "level": "Info",
      "category": "CodeStyle"
    },
    {
      "patternId": "no-reserved-keys",
      "level": "Info",
      "category": "CodeStyle"
    },
    {
      "patternId": "no-space-before-semi",
      "level": "Info",
      "category": "CodeStyle"
    },
    {
      "patternId": "no-tabs",
      "level": "Info",
      "category": "CodeStyle"
    },
    {
      "patternId": "no-wrap-func",
      "level": "Info",
      "category": "CodeStyle"
    },
    {
      "patternId": "space-after-function-name",
      "level": "Info",
      "category": "CodeStyle"
    },
    {
      "patternId": "space-after-keywords",
      "level": "Info",
      "category": "CodeStyle"
    },
    {
      "patternId": "space-before-function-parentheses",
      "level": "Info",
      "category": "CodeStyle"
    },
    {
      "patternId": "space-before-keywords",
      "level": "Info",
      "category": "CodeStyle"
    },
    {
      "patternId": "space-in-brackets",
      "level": "Info",
      "category": "CodeStyle"
    },
    {
      "patternId": "space-return-throw-case",
      "level": "Info",
      "category": "CodeStyle"
    },
    {
      "patternId": "space-unary-word-ops",
      "level": "Info",
      "category": "CodeStyle"
    },
    {
      "patternId": "spaced-line-comment",
      "level": "Info",
      "category": "CodeStyle"
    },
    {
      "patternId": "react_display-name",
      "level": "Warning",
      "category": "ErrorProne"
    },
    {
      "patternId": "react_forbid-prop-types",
      "level": "Warning",
      "category": "ErrorProne"
    },
    {
      "patternId": "react_jsx-boolean-value",
      "level": "Warning",
      "category": "ErrorProne"
    },
    {
      "patternId": "react_jsx-closing-bracket-location",
      "level": "Warning",
      "category": "ErrorProne"
    },
    {
      "patternId": "react_jsx-curly-spacing",
      "level": "Warning",
      "category": "ErrorProne"
    },
    {
      "patternId": "react_jsx-equals-spacing",
      "level": "Warning",
      "category": "ErrorProne"
    },
    {
      "patternId": "react_jsx-filename-extension",
      "level": "Warning",
      "category": "ErrorProne"
    },
    {
      "patternId": "react_jsx-first-prop-new-line",
      "level": "Warning",
      "category": "ErrorProne"
    },
    {
      "patternId": "react_jsx-handler-names",
      "level": "Warning",
      "category": "ErrorProne"
    },
    {
      "patternId": "react_jsx-indent-props",
      "level": "Warning",
      "category": "ErrorProne"
    },
    {
      "patternId": "react_jsx-indent",
      "level": "Warning",
      "category": "ErrorProne"
    },
    {
      "patternId": "react_jsx-key",
      "level": "Warning",
      "category": "ErrorProne"
    },
    {
      "patternId": "react_jsx-max-props-per-line",
      "level": "Warning",
      "category": "ErrorProne"
    },
    {
      "patternId": "react_jsx-no-bind",
      "level": "Warning",
      "category": "ErrorProne"
    },
    {
      "patternId": "react_jsx-no-comment-textnodes",
      "level": "Warning",
      "category": "ErrorProne"
    },
    {
      "patternId": "react_jsx-no-duplicate-props",
      "level": "Warning",
      "category": "ErrorProne"
    },
    {
      "patternId": "react_jsx-no-literals",
      "level": "Warning",
      "category": "ErrorProne"
    },
    {
      "patternId": "react_jsx-no-target-blank",
      "level": "Warning",
      "category": "ErrorProne"
    },
    {
      "patternId": "react_jsx-no-undef",
      "level": "Warning",
      "category": "ErrorProne"
    },
    {
      "patternId": "react_jsx-pascal-case",
      "level": "Warning",
      "category": "ErrorProne"
    },
    {
      "patternId": "react_jsx-sort-props",
      "level": "Warning",
      "category": "ErrorProne"
    },
    {
      "patternId": "react_jsx-space-before-closing",
      "level": "Warning",
      "category": "ErrorProne"
    },
    {
      "patternId": "react_jsx-uses-react",
      "level": "Warning",
      "category": "ErrorProne"
    },
    {
      "patternId": "react_jsx-uses-vars",
      "level": "Warning",
      "category": "ErrorProne"
    },
    {
      "patternId": "react_jsx-wrap-multilines",
      "level": "Warning",
      "category": "ErrorProne"
    },
    {
      "patternId": "react_no-danger",
      "level": "Warning",
      "category": "ErrorProne"
    },
    {
      "patternId": "react_no-deprecated",
      "level": "Warning",
      "category": "ErrorProne"
    },
    {
      "patternId": "react_no-did-mount-set-state",
      "level": "Warning",
      "category": "ErrorProne"
    },
    {
      "patternId": "react_no-did-update-set-state",
      "level": "Warning",
      "category": "ErrorProne"
    },
    {
      "patternId": "react_no-direct-mutation-state",
      "level": "Warning",
      "category": "ErrorProne"
    },
    {
      "patternId": "react_no-find-dom-node",
      "level": "Warning",
      "category": "ErrorProne"
    },
    {
      "patternId": "react_no-is-mounted",
      "level": "Warning",
      "category": "ErrorProne"
    },
    {
      "patternId": "react_no-multi-comp",
      "level": "Warning",
      "category": "ErrorProne"
    },
    {
      "patternId": "react_no-render-return-value",
      "level": "Warning",
      "category": "ErrorProne"
    },
    {
      "patternId": "react_no-set-state",
      "level": "Warning",
      "category": "ErrorProne"
    },
    {
      "patternId": "react_no-string-refs",
      "level": "Warning",
      "category": "ErrorProne"
    },
    {
      "patternId": "react_no-unknown-property",
      "level": "Warning",
      "category": "ErrorProne"
    },
    {
      "patternId": "react_prefer-es6-class",
      "level": "Warning",
      "category": "ErrorProne"
    },
    {
      "patternId": "react_prefer-stateless-function",
      "level": "Warning",
      "category": "ErrorProne"
    },
    {
      "patternId": "react_prop-types",
      "level": "Warning",
      "category": "ErrorProne"
    },
    {
      "patternId": "react_react-in-jsx-scope",
      "level": "Warning",
      "category": "ErrorProne"
    },
    {
      "patternId": "react_require-extension",
      "level": "Warning",
      "category": "ErrorProne"
    },
    {
      "patternId": "react_require-optimization",
      "level": "Warning",
      "category": "ErrorProne"
    },
    {
      "patternId": "react_require-render-return",
      "level": "Warning",
      "category": "ErrorProne"
    },
    {
      "patternId": "react_self-closing-comp",
      "level": "Warning",
      "category": "ErrorProne"
    },
    {
      "patternId": "react_sort-comp",
      "level": "Warning",
      "category": "ErrorProne"
    },
    {
      "patternId": "react_sort-prop-types",
      "level": "Warning",
      "category": "ErrorProne"
    },
    {
      "patternId": "babel_array-bracket-spacing",
      "level": "Warning",
      "category": "ErrorProne"
    },
    {
      "patternId": "babel_arrow-parens",
      "level": "Warning",
      "category": "ErrorProne"
    },
    {
      "patternId": "babel_flow-object-type",
      "level": "Warning",
      "category": "ErrorProne"
    },
    {
      "patternId": "babel_func-params-comma-dangle",
      "level": "Warning",
      "category": "ErrorProne"
    },
    {
      "patternId": "babel_generator-star-spacing",
      "level": "Warning",
      "category": "ErrorProne"
    },
    {
      "patternId": "babel_new-cap",
      "level": "Warning",
      "category": "ErrorProne"
    },
    {
      "patternId": "babel_no-await-in-loop",
      "level": "Warning",
      "category": "ErrorProne"
    },
    {
      "patternId": "babel_object-curly-spacing",
      "level": "Warning",
      "category": "ErrorProne"
    },
    {
      "patternId": "babel_object-shorthand",
      "level": "Warning",
      "category": "ErrorProne"
    },
    {
      "patternId": "babel_no-invalid-this",
      "level": "Warning",
      "category": "ErrorProne"
    },
    {
      "patternId": "babel_quotes",
      "level": "Warning",
      "category": "ErrorProne"
    },
    {
      "patternId": "babel_semi",
      "level": "Warning",
      "category": "ErrorProne"
    },
    {
      "patternId": "babel_no-unused-expressions",
      "level": "Warning",
      "category": "ErrorProne"
    },
    {
      "patternId": "babel_valid-typeof",
      "level": "Warning",
      "category": "ErrorProne"
    },
    {
      "patternId": "mocha_no-exclusive-tests",
      "level": "Warning",
      "category": "ErrorProne"
    },
    {
      "patternId": "mocha_no-skipped-tests",
      "level": "Warning",
      "category": "ErrorProne"
    },
    {
      "patternId": "mocha_no-pending-tests",
      "level": "Warning",
      "category": "ErrorProne"
    },
    {
      "patternId": "mocha_handle-done-callback",
      "level": "Warning",
      "category": "ErrorProne"
    },
    {
      "patternId": "mocha_no-synchronous-tests",
      "level": "Warning",
      "category": "ErrorProne"
    },
    {
      "patternId": "mocha_no-global-tests",
      "level": "Warning",
      "category": "ErrorProne"
    },
    {
      "patternId": "mocha_valid-test-description",
      "level": "Warning",
      "category": "ErrorProne"
    },
    {
      "patternId": "mocha_valid-suite-description",
      "level": "Warning",
      "category": "ErrorProne"
    },
    {
      "patternId": "mocha_no-sibling-hooks",
      "level": "Warning",
      "category": "ErrorProne"
    },
    {
      "patternId": "mocha_no-mocha-arrows",
      "level": "Warning",
      "category": "ErrorProne"
    },
    {
      "patternId": "mocha_no-hooks",
      "level": "Warning",
      "category": "ErrorProne"
    },
    {
      "patternId": "standard_array-bracket-even-spacing",
      "level": "Info",
      "category": "CodeStyle"
    },
    {
      "patternId": "standard_computed-property-even-spacing",
      "level": "Info",
      "category": "CodeStyle"
    },
    {
      "patternId": "standard_object-curly-even-spacing",
      "level": "Info",
      "category": "CodeStyle"
    },
    {
      "patternId": "promise_param-names",
      "level": "Warning",
      "category": "ErrorProne"
    },
    {
      "patternId": "promise_always-return",
      "level": "Warning",
      "category": "ErrorProne"
    },
    {
      "patternId": "promise_always-catch",
      "level": "Warning",
      "category": "ErrorProne"
    },
    {
      "patternId": "promise_catch-or-return",
      "level": "Warning",
      "category": "ErrorProne"
    },
    {
      "patternId": "promise_no-native",
      "level": "Warning",
      "category": "ErrorProne"
    },
    {
      "patternId": "jsx-a11y_aria-props",
      "level": "Info",
      "category": "CodeStyle"
    },
    {
      "patternId": "jsx-a11y_aria-proptypes",
      "level": "Info",
      "category": "CodeStyle"
    },
    {
      "patternId": "jsx-a11y_aria-role",
      "level": "Info",
      "category": "CodeStyle"
    },
    {
      "patternId": "jsx-a11y_aria-unsupported-elements",
      "level": "Info",
      "category": "CodeStyle"
    },
    {
      "patternId": "jsx-a11y_heading-has-content",
      "level": "Info",
      "category": "CodeStyle"
    },
    {
      "patternId": "jsx-a11y_href-no-hash",
      "level": "Info",
      "category": "CodeStyle"
    },
    {
      "patternId": "jsx-a11y_html-has-lang",
      "level": "Info",
      "category": "CodeStyle"
    },
    {
      "patternId": "jsx-a11y_img-has-alt",
      "level": "Info",
      "category": "CodeStyle"
    },
    {
      "patternId": "jsx-a11y_img-redundant-alt",
      "level": "Info",
      "category": "CodeStyle"
    },
    {
      "patternId": "jsx-a11y_label-has-for",
      "level": "Info",
      "category": "CodeStyle"
    },
    {
      "patternId": "jsx-a11y_label-has-associated-control",
      "level": "Info",
      "category": "CodeStyle"
    },
    {
      "patternId": "jsx-a11y_lang",
      "level": "Info",
      "category": "CodeStyle"
    },
    {
      "patternId": "jsx-a11y_mouse-events-have-key-events",
      "level": "Info",
      "category": "CodeStyle"
    },
    {
      "patternId": "jsx-a11y_no-access-key",
      "level": "Info",
      "category": "CodeStyle"
    },
    {
      "patternId": "jsx-a11y_no-marquee",
      "level": "Info",
      "category": "CodeStyle"
    },
    {
      "patternId": "jsx-a11y_no-onchange",
      "level": "Info",
      "category": "CodeStyle"
    },
    {
      "patternId": "jsx-a11y_onclick-has-focus",
      "level": "Info",
      "category": "CodeStyle"
    },
    {
      "patternId": "jsx-a11y_onclick-has-role",
      "level": "Info",
      "category": "CodeStyle"
    },
    {
      "patternId": "jsx-a11y_role-has-required-aria-props",
      "level": "Info",
      "category": "CodeStyle"
    },
    {
      "patternId": "jsx-a11y_role-supports-aria-props",
      "level": "Info",
      "category": "CodeStyle"
    },
    {
      "patternId": "jsx-a11y_scope",
      "level": "Info",
      "category": "CodeStyle"
    },
    {
      "patternId": "jsx-a11y_tabindex-no-positive",
      "level": "Info",
      "category": "CodeStyle"
    },
    {
      "patternId": "import_default",
      "level": "Info",
      "category": "CodeStyle"
    },
    {
      "patternId": "import_export",
      "level": "Info",
      "category": "CodeStyle"
    },
    {
      "patternId": "import_extensions",
      "level": "Info",
      "category": "CodeStyle"
    },
    {
      "patternId": "import_imports-first",
      "level": "Info",
      "category": "CodeStyle"
    },
    {
      "patternId": "import_named",
      "level": "Info",
      "category": "CodeStyle"
    },
    {
      "patternId": "import_namespace",
      "level": "Info",
      "category": "CodeStyle"
    },
    {
      "patternId": "import_newline-after-import",
      "level": "Info",
      "category": "CodeStyle"
    },
    {
      "patternId": "import_no-amd",
      "level": "Info",
      "category": "CodeStyle"
    },
    {
      "patternId": "import_no-commonjs",
      "level": "Info",
      "category": "CodeStyle"
    },
    {
      "patternId": "import_no-deprecated",
      "level": "Info",
      "category": "CodeStyle"
    },
    {
      "patternId": "import_no-duplicates",
      "level": "Info",
      "category": "CodeStyle"
    },
    {
      "patternId": "import_no-extraneous-dependencies",
      "level": "Info",
      "category": "CodeStyle"
    },
    {
      "patternId": "import_no-mutable-exports",
      "level": "Info",
      "category": "CodeStyle"
    },
    {
      "patternId": "import_no-named-as-default-member",
      "level": "Info",
      "category": "CodeStyle"
    },
    {
      "patternId": "import_no-named-as-default",
      "level": "Info",
      "category": "CodeStyle"
    },
    {
      "patternId": "import_no-namespace",
      "level": "Info",
      "category": "CodeStyle"
    },
    {
      "patternId": "import_no-nodejs-modules",
      "level": "Info",
      "category": "CodeStyle"
    },
    {
      "patternId": "import_no-restricted-paths",
      "level": "Info",
      "category": "CodeStyle"
    },
    {
      "patternId": "import_order",
      "level": "Info",
      "category": "CodeStyle"
    },
    {
      "patternId": "import_prefer-default-export",
      "level": "Info",
      "category": "CodeStyle"
    },
    {
      "patternId": "angular_angularelement",
      "level": "Info",
      "category": "CodeStyle"
    },
    {
      "patternId": "angular_component-limit",
      "level": "Info",
      "category": "CodeStyle"
    },
    {
      "patternId": "angular_component-name",
      "level": "Info",
      "category": "CodeStyle"
    },
    {
      "patternId": "angular_controller-as-route",
      "level": "Info",
      "category": "CodeStyle"
    },
    {
      "patternId": "angular_controller-as-vm",
      "level": "Info",
      "category": "CodeStyle"
    },
    {
      "patternId": "angular_controller-as",
      "level": "Info",
      "category": "CodeStyle"
    },
    {
      "patternId": "angular_controller-name",
      "level": "Info",
      "category": "CodeStyle"
    },
    {
      "patternId": "angular_deferred",
      "level": "Info",
      "category": "CodeStyle"
    },
    {
      "patternId": "angular_definedundefined",
      "level": "Info",
      "category": "CodeStyle"
    },
    {
      "patternId": "angular_di-order",
      "level": "Info",
      "category": "CodeStyle"
    },
    {
      "patternId": "angular_di-unused",
      "level": "Info",
      "category": "CodeStyle"
    },
    {
      "patternId": "angular_di",
      "level": "Info",
      "category": "CodeStyle"
    },
    {
      "patternId": "angular_directive-name",
      "level": "Info",
      "category": "CodeStyle"
    },
    {
      "patternId": "angular_directive-restrict",
      "level": "Info",
      "category": "CodeStyle"
    },
    {
      "patternId": "angular_document-service",
      "level": "Info",
      "category": "CodeStyle"
    },
    {
      "patternId": "angular_dumb-inject",
      "level": "Info",
      "category": "CodeStyle"
    },
    {
      "patternId": "angular_empty-controller",
      "level": "Info",
      "category": "CodeStyle"
    },
    {
      "patternId": "angular_file-name",
      "level": "Info",
      "category": "CodeStyle"
    },
    {
      "patternId": "angular_filter-name",
      "level": "Info",
      "category": "CodeStyle"
    },
    {
      "patternId": "angular_foreach",
      "level": "Info",
      "category": "CodeStyle"
    },
    {
      "patternId": "angular_function-type",
      "level": "Info",
      "category": "CodeStyle"
    },
    {
      "patternId": "angular_interval-service",
      "level": "Info",
      "category": "CodeStyle"
    },
    {
      "patternId": "angular_json-functions",
      "level": "Info",
      "category": "CodeStyle"
    },
    {
      "patternId": "angular_log",
      "level": "Info",
      "category": "CodeStyle"
    },
    {
      "patternId": "angular_module-dependency-order",
      "level": "Info",
      "category": "CodeStyle"
    },
    {
      "patternId": "angular_module-getter",
      "level": "Info",
      "category": "CodeStyle"
    },
    {
      "patternId": "angular_module-name",
      "level": "Info",
      "category": "CodeStyle"
    },
    {
      "patternId": "angular_module-setter",
      "level": "Info",
      "category": "CodeStyle"
    },
    {
      "patternId": "angular_no-angular-mock",
      "level": "Info",
      "category": "CodeStyle"
    },
    {
      "patternId": "angular_no-controller",
      "level": "Info",
      "category": "CodeStyle"
    },
    {
      "patternId": "angular_no-cookiestore",
      "level": "Info",
      "category": "CodeStyle"
    },
    {
      "patternId": "angular_no-directive-replace",
      "level": "Info",
      "category": "CodeStyle"
    },
    {
      "patternId": "angular_no-http-callback",
      "level": "Info",
      "category": "CodeStyle"
    },
    {
      "patternId": "angular_no-inline-template",
      "level": "Info",
      "category": "CodeStyle"
    },
    {
      "patternId": "angular_no-jquery-angularelement",
      "level": "Info",
      "category": "CodeStyle"
    },
    {
      "patternId": "angular_no-private-call",
      "level": "Info",
      "category": "CodeStyle"
    },
    {
      "patternId": "angular_no-run-logic",
      "level": "Info",
      "category": "CodeStyle"
    },
    {
      "patternId": "angular_no-service-method",
      "level": "Info",
      "category": "CodeStyle"
    },
    {
      "patternId": "angular_no-services",
      "level": "Info",
      "category": "CodeStyle"
    },
    {
      "patternId": "angular_on-destroy",
      "level": "Info",
      "category": "CodeStyle"
    },
    {
      "patternId": "angular_on-watch",
      "level": "Info",
      "category": "CodeStyle"
    },
    {
      "patternId": "angular_one-dependency-per-line",
      "level": "Info",
      "category": "CodeStyle"
    },
    {
      "patternId": "angular_prefer-component",
      "level": "Info",
      "category": "CodeStyle"
    },
    {
      "patternId": "angular_rest-service",
      "level": "Info",
      "category": "CodeStyle"
    },
    {
      "patternId": "angular_service-name",
      "level": "Info",
      "category": "CodeStyle"
    },
    {
      "patternId": "angular_timeout-service",
      "level": "Info",
      "category": "CodeStyle"
    },
    {
      "patternId": "angular_typecheck-array",
      "level": "Info",
      "category": "CodeStyle"
    },
    {
      "patternId": "angular_typecheck-date",
      "level": "Info",
      "category": "CodeStyle"
    },
    {
      "patternId": "angular_typecheck-function",
      "level": "Info",
      "category": "CodeStyle"
    },
    {
      "patternId": "angular_typecheck-number",
      "level": "Info",
      "category": "CodeStyle"
    },
    {
      "patternId": "angular_typecheck-object",
      "level": "Info",
      "category": "CodeStyle"
    },
    {
      "patternId": "angular_typecheck-string",
      "level": "Info",
      "category": "CodeStyle"
    },
    {
      "patternId": "angular_watchers-execution",
      "level": "Info",
      "category": "CodeStyle"
    },
    {
      "patternId": "angular_window-service",
      "level": "Info",
      "category": "CodeStyle"
    },
    {
      "patternId": "flowtype_define-flow-type",
      "level": "Info",
      "category": "CodeStyle"
    },
    {
      "patternId": "flowtype_require-parameter-type",
      "level": "Info",
      "category": "CodeStyle"
    },
    {
      "patternId": "flowtype_require-return-type",
      "level": "Info",
      "category": "CodeStyle"
    },
    {
      "patternId": "flowtype_require-valid-file-annotation",
      "level": "Info",
      "category": "CodeStyle"
    },
    {
      "patternId": "flowtype_space-after-type-colon",
      "level": "Info",
      "category": "CodeStyle"
    },
    {
      "patternId": "flowtype_space-before-type-colon",
      "level": "Info",
      "category": "CodeStyle"
    },
    {
      "patternId": "flowtype_space-before-generic-bracket",
      "level": "Info",
      "category": "CodeStyle"
    },
    {
      "patternId": "flowtype_union-intersection-spacing",
      "level": "Info",
      "category": "CodeStyle"
    },
    {
      "patternId": "flowtype_generic-spacing",
      "level": "Info",
      "category": "CodeStyle"
    },
    {
      "patternId": "flowtype_type-id-match",
      "level": "Info",
      "category": "CodeStyle"
    },
    {
      "patternId": "flowtype_use-flow-type",
      "level": "Info",
      "category": "CodeStyle"
    },
    {
      "patternId": "flowtype_valid-syntax",
      "level": "Info",
      "category": "CodeStyle"
    },
    {
      "patternId": "meteor_no-zero-timeout",
      "level": "Info",
      "category": "CodeStyle"
    },
    {
      "patternId": "meteor_no-session",
      "level": "Info",
      "category": "CodeStyle"
    },
    {
      "patternId": "meteor_prefer-session-equals",
      "level": "Info",
      "category": "CodeStyle"
    },
    {
      "patternId": "meteor_audit-argument-checks",
      "level": "Info",
      "category": "CodeStyle"
    },
    {
      "patternId": "meteor_template-names",
      "level": "Info",
      "category": "CodeStyle"
    },
    {
      "patternId": "meteor_no-template-lifecycle-assignments",
      "level": "Info",
      "category": "CodeStyle"
    },
    {
      "patternId": "meteor_eventmap-params",
      "level": "Info",
      "category": "CodeStyle"
    },
    {
      "patternId": "meteor_prefix-eventmap-selectors",
      "level": "Info",
      "category": "CodeStyle"
    },
    {
      "patternId": "meteor_scope-dom-lookups",
      "level": "Info",
      "category": "CodeStyle"
    },
    {
      "patternId": "meteor_no-dom-lookup-on-created",
      "level": "Info",
      "category": "CodeStyle"
    },
    {
      "patternId": "meteor_no-template-parent-data",
      "level": "Info",
      "category": "CodeStyle"
    },
    {
      "patternId": "security_detect-unsafe-regex",
      "level": "Warning",
      "category": "Security"
    },
    {
      "patternId": "security_detect-buffer-noassert",
      "level": "Error",
      "category": "Security"
    },
    {
      "patternId": "security_detect-child-process",
      "level": "Error",
      "category": "Security"
    },
    {
      "patternId": "security_detect-disable-mustache-escape",
      "level": "Warning",
      "category": "Security"
    },
    {
      "patternId": "security_detect-eval-with-expression",
      "level": "Warning",
      "category": "Security"
    },
    {
      "patternId": "security_detect-no-csrf-before-method-override",
      "level": "Warning",
      "category": "Security"
    },
    {
      "patternId": "security_detect-non-literal-fs-filename",
      "level": "Warning",
      "category": "Security"
    },
    {
      "patternId": "security_detect-non-literal-regexp",
      "level": "Warning",
      "category": "Security"
    },
    {
      "patternId": "security_detect-non-literal-require",
      "level": "Warning",
      "category": "Security"
    },
    {
      "patternId": "security_detect-object-injection",
      "level": "Warning",
      "category": "Security"
    },
    {
      "patternId": "security_detect-possible-timing-attacks",
      "level": "Warning",
      "category": "Security"
    },
    {
      "patternId": "security_detect-pseudoRandomBytes",
      "level": "Warning",
      "category": "Security"
    },
    {
      "patternId": "no-unsafe-innerhtml_no-unsafe-innerhtml",
      "level": "Warning",
      "category": "Security"
    }
  ]
}
